{
  "64": {
    "mean": 0.015601820815354585,
    "std": 0.00041585725254317555,
    "predicted_1_over_m": 0.015625,
    "product_m_times_RF": 0.9985165321826934,
    "all_values": [
      0.015424922108650208,
      0.01544063352048397,
      0.01625566929578781,
      0.015829576179385185,
      0.015133810229599476,
      0.015064341947436333,
      0.015241286717355251,
      0.01558640692383051,
      0.015524450689554214,
      0.016337474808096886,
      0.014977195300161839,
      0.01550353318452835,
      0.015664415434002876,
      0.015909988433122635,
      0.015334098599851131,
      0.015785489231348038,
      0.016756540164351463,
      0.01578361541032791,
      0.015383192338049412,
      0.015057065524160862,
      0.015492587350308895,
      0.015480655245482922,
      0.014924585819244385,
      0.015668503940105438,
      0.01529709529131651,
      0.01488990243524313,
      0.015498453751206398,
      0.015716280788183212,
      0.015748843550682068,
      0.016108915209770203,
      0.01569615863263607,
      0.015773415565490723,
      0.01591879315674305,
      0.015749000012874603,
      0.015801189467310905,
      0.01604503206908703,
      0.015397878363728523,
      0.015905974432826042,
      0.01621421054005623,
      0.015388358384370804,
      0.01554365735501051,
      0.014624102041125298,
      0.015136148780584335,
      0.01631338894367218,
      0.015225538983941078,
      0.016202056780457497,
      0.015729453414678574,
      0.01546766422688961,
      0.015721051022410393,
      0.01541843917220831
    ]
  },
  "128": {
    "mean": 0.007799639655277133,
    "std": 0.0001614200273280674,
    "predicted_1_over_m": 0.0078125,
    "product_m_times_RF": 0.998353875875473,
    "all_values": [
      0.007925811223685741,
      0.007841555401682854,
      0.008024892769753933,
      0.008008756674826145,
      0.007891017012298107,
      0.007562633603811264,
      0.007791394833475351,
      0.007769732270389795,
      0.00784152839332819,
      0.00797092355787754,
      0.007926711812615395,
      0.008102385327219963,
      0.00774792954325676,
      0.007804741617292166,
      0.007644588127732277,
      0.007777332328259945,
      0.007858183234930038,
      0.007901950739324093,
      0.007927816361188889,
      0.007866330444812775,
      0.007836190052330494,
      0.007866841740906239,
      0.007443055976182222,
      0.0077305324375629425,
      0.007635112386196852,
      0.007637512870132923,
      0.008023768663406372,
      0.007583748549222946,
      0.007701380178332329,
      0.007568685337901115,
      0.007837946526706219,
      0.00791027583181858,
      0.007854174822568893,
      0.00785781815648079,
      0.007554618641734123,
      0.007924046367406845,
      0.007911333814263344,
      0.007593200076371431,
      0.007701681926846504,
      0.00813103187829256,
      0.007903735153377056,
      0.00762263173237443,
      0.007647464983165264,
      0.007919116877019405,
      0.007783219683915377,
      0.007401127368211746,
      0.007976153865456581,
      0.007631788030266762,
      0.007752897683531046,
      0.007854675874114037
    ]
  },
  "256": {
    "mean": 0.0038980576768517495,
    "std": 9.657490767946401e-05,
    "predicted_1_over_m": 0.00390625,
    "product_m_times_RF": 0.9979027652740479,
    "all_values": [
      0.003998511005192995,
      0.003943789284676313,
      0.0037789326161146164,
      0.003766621695831418,
      0.0038022599183022976,
      0.003853175789117813,
      0.003983012866228819,
      0.003858200740069151,
      0.003856304567307234,
      0.003927255980670452,
      0.0038829727564007044,
      0.003907178994268179,
      0.0037181314546614885,
      0.003870285814628005,
      0.0039004404097795486,
      0.0038992655463516712,
      0.003835515584796667,
      0.004057509358972311,
      0.00390056474134326,
      0.003994397819042206,
      0.004143169615417719,
      0.003876678878441453,
      0.003948806319385767,
      0.003879197407513857,
      0.0038824949879199266,
      0.0038252240046858788,
      0.003927253186702728,
      0.0037928724195808172,
      0.0036620288155972958,
      0.0038952650502324104,
      0.003876374801620841,
      0.0037725158035755157,
      0.003900582203641534,
      0.003829541150480509,
      0.004165466874837875,
      0.003968133591115475,
      0.003997205290943384,
      0.003965617157518864,
      0.0038616866804659367,
      0.003949626348912716,
      0.004051650874316692,
      0.003962135408073664,
      0.003963711205869913,
      0.0038860845379531384,
      0.003852839581668377,
      0.003804805688560009,
      0.0037782674189656973,
      0.0038257548585534096,
      0.004011988174170256,
      0.0039115785621106625
    ]
  },
  "512": {
    "mean": 0.0019561162032186983,
    "std": 4.612363605002307e-05,
    "predicted_1_over_m": 0.001953125,
    "product_m_times_RF": 1.0015314960479735,
    "all_values": [
      0.0019326795591041446,
      0.0018809759058058262,
      0.00194533821195364,
      0.001952052814885974,
      0.0019440724281594157,
      0.0020100909750908613,
      0.0019301021238788962,
      0.0019157070200890303,
      0.0019378068391233683,
      0.0019816195126622915,
      0.00202736584469676,
      0.0020196225959807634,
      0.001941463677212596,
      0.0019064790103584528,
      0.0019265091978013515,
      0.0018975265556946397,
      0.001908543286845088,
      0.001958022126927972,
      0.0019071478163823485,
      0.0020617342088371515,
      0.0019868253730237484,
      0.0019229509634897113,
      0.0019003243651241064,
      0.0019447776721790433,
      0.0019387699430808425,
      0.001991863828152418,
      0.0019771582446992397,
      0.002066561719402671,
      0.0019470120314508677,
      0.0019562121015042067,
      0.0020254270639270544,
      0.002022501779720187,
      0.001982493558898568,
      0.001927445991896093,
      0.0019303796580061316,
      0.0019611704628914595,
      0.0019323363667353988,
      0.0020088995806872845,
      0.001946076052263379,
      0.0019800353329628706,
      0.001943130511790514,
      0.001943727140314877,
      0.0019061765633523464,
      0.001950125559233129,
      0.0019002025946974754,
      0.002050996059551835,
      0.0018628534162417054,
      0.001992587698623538,
      0.0019900056067854166,
      0.001931923208758235
    ]
  },
  "1024": {
    "mean": 0.0009740210243035107,
    "std": 2.114099514233917e-05,
    "predicted_1_over_m": 0.0009765625,
    "product_m_times_RF": 0.997397528886795,