{
  "identity": {
    "mean": 0.0019567768764682113,
    "std": 4.22901889825559e-05,
    "product_m_RF": 1.0018697607517242,
    "all_values": [
      0.0020123657304793596,
      0.001929474645294249,
      0.001994926715269685,
      0.001923994510434568,
      0.0019449637038633227,
      0.001990363234654069,
      0.0018913631793111563,
      0.0019089559791609645,
      0.0019115948816761374,
      0.0019673886708915234,
      0.0019744473975151777,
      0.0019540630746632814,
      0.0019668559543788433,
      0.0019189633894711733,
      0.0019890021067112684,
      0.001958458684384823,
      0.0018907899502664804,
      0.001897749025374651,
      0.0019359092693775892,
      0.002028090413659811,
      0.001998882507905364,
      0.0019382936879992485,
      0.0019303258741274476,
      0.002007210161536932,
      0.0019440626492723823,
      0.001967341173440218,
      0.0019654694478958845,
      0.0020126886665821075,
      0.001997249899432063,
      0.0020020045340061188,
      0.002042874228209257,
      0.001947195501998067,
      0.001963866176083684,
      0.0018777528312057257,
      0.0019061350030824542,
      0.001982280984520912,
      0.0018714424222707748,
      0.0019461935153231025,
      0.001983864465728402,
      0.0020094658248126507,
      0.0019947413820773363,
      0.0018678961787372828,
      0.0019685050938278437,
      0.0019297945545986295,
      0.0019196862122043967,
      0.0019727549515664577,
      0.0019307115580886602,
      0.0019794683903455734,
      0.0020088045857846737,
      0.0019821608439087868
    ]
  },
  "relu": {
    "mean": 0.0019561162032186983,
    "std": 4.612363605002307e-05,
    "product_m_RF": 1.0015314960479735,
    "all_values": [
      0.0019326795591041446,
      0.0018809759058058262,
      0.00194533821195364,
      0.001952052814885974,
      0.0019440724281594157,
      0.0020100909750908613,
      0.0019301021238788962,
      0.0019157070200890303,
      0.0019378068391233683,
      0.0019816195126622915,
      0.00202736584469676,
      0.0020196225959807634,
      0.001941463677212596,
      0.0019064790103584528,
      0.0019265091978013515,
      0.0018975265556946397,
      0.001908543286845088,
      0.001958022126927972,
      0.0019071478163823485,
      0.0020617342088371515,
      0.0019868253730237484,
      0.0019229509634897113,
      0.0019003243651241064,
      0.0019447776721790433,
      0.0019387699430808425,
      0.001991863828152418,
      0.0019771582446992397,
      0.002066561719402671,
      0.0019470120314508677,
      0.0019562121015042067,
      0.0020254270639270544,
      0.002022501779720187,
      0.001982493558898568,
      0.001927445991896093,
      0.0019303796580061316,
      0.0019611704628914595,
      0.0019323363667353988,
      0.0020088995806872845,
      0.001946076052263379,
      0.0019800353329628706,
      0.001943130511790514,
      0.001943727140314877,
      0.0019061765633523464,
      0.001950125559233129,
      0.0019002025946974754,
      0.002050996059551835,
      0.0018628534162417054,
      0.001992587698623538,
      0.0019900056067854166,
      0.001931923208758235
    ]
  },
  "gelu": {
    "mean": 0.001956608861219138,
    "std": 4.4690071860838725e-05,
    "product_m_RF": 1.0017837369441986,
    "all_values": [
      0.0019509248668327928,
      0.0018827685853466392,
      0.0019386952044442296,
      0.0019562505185604095,
      0.00194253318477422,
      0.0020231150556355715,
      0.001925530843436718,
      0.0019378825090825558,
      0.001930966624058783,
      0.0019531971774995327,
      0.0020264640916138887,
      0.0019983327947556973,
      0.0019409952219575644,
      0.001911799656227231,
      0.0019357524579390883,
      0.001910169143229723,
      0.0019058642210438848,
      0.0019452288979664445,
      0.0019024456851184368,
      0.002067958703264594,
      0.0019929271657019854,
      0.0019290350610390306,
      0.0019215713255107403,
      0.0019524627132341266,
      0.001928856479935348,
      0.0019795517437160015,
      0.001995373284444213,
      0.002057117410004139,
      0.001955742947757244,
      0.0019743030425161123,
      0.0020326045341789722,
      0.002015266567468643,
      0.0019720231648534536,
      0.0019179004011675715,
      0.0019192316103726625,
      0.0019498448818922043,
      0.00191462819930166,
      0.0019997211638838053,
      0.0019531568977981806,
      0.001990094780921936,
      0.001954885898157954,
      0.0019238389795646071,
      0.001924788230098784,
      0.001938012894243002,
      0.0019004595233127475,
      0.0020577185787260532,
      0.0018787924200296402,
      0.0019827059004455805,
      0.0019933462608605623,
      0.0019376055570319295
    ]
  },
  "silu": {
    "mean": 0.0019568137219175695,
    "std": 4.4484372620407135e-05,
    "product_m_RF": 1.0018886256217956,
    "all_values": [
      0.001966261537745595,
      0.0018885190365836024,
      0.0019399675074964762,
      0.0019558363128453493,
      0.001940866350196302,
      0.0020211972296237946,
      0.0019209306919947267,
      0.001936070853844285,
      0.0019219666719436646,
      0.0019491800339892507,
      0.00202110200189054,
      0.0019916377495974302,
      0.0019471646519377828,
      0.0019190157763659954,
      0.0019446098012849689,
      0.001919108908623457,
      0.0019009336829185486,
      0.0019314564997330308,
      0.0019010646501556039,
      0.002068047411739826,
      0.002000960288569331,
      0.0019271610071882606,
      0.0019265689188614488,
      0.0019595101475715637,
      0.0019285593880340457,
      0.0019699763506650925,
      0.0020000580698251724,
      0.0020515131764113903,
      0.0019684459548443556,
      0.0019850963726639748,
      0.0020437603816390038,
      0.002006332855671644,
      0.0019672841299325228,
      0.0019056583987548947,
      0.0019159135408699512,
      0.0019482453353703022,
      0.0019031655974686146,
      0.001987848663702607,
      0.0019618640653789043,
      0.0020042171236127615,
      0.001964155351743102,
      0.0019044902874156833,
      0.0019292361102998257,
      0.001927060424350202,
      0.0019052642164751887,
      0.0020430958829820156,
      0.0018890887731686234,
      0.0019858998712152243,
      0.0019977837800979614,
      0.0019475342705845833
    ]
  },
  "tanh": {
    "mean": 0.0019571727374568582,
    "std": 3.75582043361826e-05,
    "product_m_RF": 1.0020724415779114,
    "all_values": [
      0.002006647177040577,
      0.0019327003974467516,
      0.0020024075638502836,
      0.001936374232172966,
      0.0019623148255050182,
      0.0019894251599907875,
      0.0019086427055299282,
      0.0019044235814362764,
      0.0019260419066995382,
      0.0019662186969071627,
      0.0019726469181478024,
      0.001954861683771014,
      0.0019503190414980054,
      0.0019323794404044747,
      0.0020392066799104214,
      0.0019605860579758883,
      0.0019095218740403652,
      0.0018835833761841059,
      0.0019498788751661777,
      0.0020118807442486286,
      0.0019530152203515172,
      0.001932670595124364,
      0.0019478009780868888,
      0.001982382033020258,
      0.0019474466098472476,
      0.00197030627168715,
      0.0019382087048143148,
      0.00198151683434844,
      0.0020012343302369118,
      0.0020140772685408592,
      0.00203647930175066,
      0.001967612188309431,
      0.0019701409619301558,
      0.001894210698083043,
      0.001918589579872787,
      0.001990834018215537,
      0.0018905042670667171,
      0.001927525270730257,
      0.0019759228453040123,
      0.0020047032739967108,
      0.001991163706406951,
      0.0018845279701054096,
      0.001962412381544709,
      0.0019511872669681907,
      0.0019272883655503392,
      0.0019493610598146915,
      0.001925238873809576,
      0.0019498523324728012,
      0.001999164931476116,
      0.0019731977954506874
    ]
  },
  "max_relative_deviation": 0.0005399578324893016
}