{
  "0.0": {
    "rho": 0.0,
    "mean": 0.0019561162032186983,
    "std": 4.612363605002307e-05,
    "ci_95": [
      0.0018846998020308093,
      0.0020593181252479553
    ],
    "all_values": [
      0.0019326795591041446,
      0.0018809759058058262,
      0.00194533821195364,
      0.001952052814885974,
      0.0019440724281594157,
      0.0020100909750908613,
      0.0019301021238788962,
      0.0019157070200890303,
      0.0019378068391233683,
      0.0019816195126622915,
      0.00202736584469676,
      0.0020196225959807634,
      0.001941463677212596,
      0.0019064790103584528,
      0.0019265091978013515,
      0.0018975265556946397,
      0.001908543286845088,
      0.001958022126927972,
      0.0019071478163823485,
      0.0020617342088371515,
      0.0019868253730237484,
      0.0019229509634897113,
      0.0019003243651241064,
      0.0019447776721790433,
      0.0019387699430808425,
      0.001991863828152418,
      0.0019771582446992397,
      0.002066561719402671,
      0.0019470120314508677,
      0.0019562121015042067,
      0.0020254270639270544,
      0.002022501779720187,
      0.001982493558898568,
      0.001927445991896093,
      0.0019303796580061316,
      0.0019611704628914595,
      0.0019323363667353988,
      0.0020088995806872845,
      0.001946076052263379,
      0.0019800353329628706,
      0.001943130511790514,
      0.001943727140314877,
      0.0019061765633523464,
      0.001950125559233129,
      0.0019002025946974754,
      0.002050996059551835,
      0.0018628534162417054,
      0.001992587698623538,
      0.0019900056067854166,
      0.001931923208758235
    ]
  },
  "0.05": {
    "rho": 0.05,
    "mean": 0.003210648521780968,
    "std": 0.00012872916737865464,
    "ci_95": [
      0.002981535351136699,
      0.0034593109856359662
    ],
    "all_values": [
      0.0032748389057815075,
      0.003240324091166258,
      0.0030681726057082415,
      0.0032017540652304888,
      0.0032172410283237696,
      0.0034387551713734865,
      0.002956169890239835,
      0.0033788166474550962,
      0.0031187878921628,
      0.0031689738389104605,
      0.003245485946536064,
      0.003273399081081152,
      0.0031865579076111317,
      0.003190596355125308,
      0.0031128101982176304,
      0.003100794740021229,
      0.0031552384607493877,
      0.0032678749412298203,
      0.003192172385752201,
      0.0032668744679540396,
      0.003166158916428685,
      0.002977121388539672,
      0.0032703345641493797,
      0.002996739000082016,
      0.0031941747292876244,
      0.0032972239423543215,
      0.0034409144427627325,
      0.003450613236054778,
      0.003092593513429165,
      0.0031691263429820538,
      0.0031869783997535706,
      0.003124994458630681,
      0.0032555556390434504,
      0.0032416745088994503,
      0.003042803844437003,
      0.0031709824688732624,
      0.0032214606180787086,
      0.003098889021202922,
      0.0030895478557795286,
      0.003446365939453244,
      0.0032603698782622814,
      0.0031641044188290834,
      0.0032686120830476284,
      0.0031917812302708626,
      0.0033018800895661116,
      0.003461836138740182,
      0.0031196060590445995,
      0.0035765671636909246,
      0.0030972552485764027,
      0.0031005223281681538
    ]
  },
  "0.1": {
    "rho": 0.1,
    "mean": 0.006954687777906656,
    "std": 0.00026219289607971164,
    "ci_95": [
      0.0064986617770046,
      0.007431832212023437
    ],
    "all_values": [
      0.00715098949149251,
      0.007060976233333349,
      0.006717450451105833,
      0.00694527942687273,
      0.006947614718228579,
      0.007285902742296457,
      0.006379254627972841,
      0.0073601119220256805,
      0.0067716436460614204,
      0.006738464813679457,
      0.006919993553310633,
      0.007054043002426624,
      0.006926895584911108,
      0.007020300719887018,
      0.00674435356631875,
      0.006782982498407364,
      0.006944342516362667,
      0.0070609585382044315,
      0.00701393885537982,
      0.007002911530435085,
      0.006832023151218891,
      0.0064865159802138805,
      0.007132791914045811,
      0.006540497299283743,
      0.007003948092460632,
      0.007053430192172527,
      0.0074320570565760136,
      0.007387800142168999,
      0.006701839156448841,
      0.006815282162278891,
      0.006835841573774815,
      0.006681974045932293,
      0.007049363572150469,
      0.006986997555941343,
      0.006647852249443531,
      0.00689731677994132,
      0.006937073078006506,
      0.006667771842330694,
      0.006766843143850565,
      0.007431057747453451,
      0.007142819929867983,
      0.006814843043684959,
      0.00713369669392705,
      0.006930152885615826,
      0.007167409639805555,
      0.007401496637612581,
      0.00687177712097764,
      0.007724944967776537,
      0.006684898864477873,
      0.006745663937181234
    ]
  },
  "0.2": {
    "rho": 0.2,
    "mean": 0.02164852399379015,
    "std": 0.0005953568131969803,
    "ci_95": [
      0.02073745597153902,
      0.022686710534617304
    ],
    "all_values": [
      0.02214382030069828,
      0.021862495690584183,
      0.02134200744330883,
      0.02169380523264408,
      0.021515516564249992,
      0.021959196776151657,
      0.020138371735811234,
      0.022580698132514954,
      0.021293293684720993,
      0.020834872499108315,
      0.02138720080256462,
      0.021946849301457405,
      0.021581344306468964,
      0.022000424563884735,
      0.021148666739463806,
      0.021241145208477974,
      0.021849585697054863,
      0.021831395104527473,
      0.021983357146382332,
      0.02179906517267227,
      0.021465856581926346,
      0.020709173753857613,
      0.022014427930116653,
      0.020941736176609993,
      0.022031761705875397,
      0.021669823676347733,
      0.02269139140844345,
      0.02265297807753086,
      0.021077876910567284,
      0.02113327756524086,
      0.02141396328806877,
      0.02090190164744854,
      0.021888740360736847,
      0.021489964798092842,
      0.02105053886771202,
      0.021549716591835022,
      0.021327268332242966,
      0.021005144342780113,
      0.021404625847935677,
      0.02267058752477169,
      0.022342253476381302,
      0.021199526265263557,
      0.02202201634645462,
      0.021673167124390602,
      0.022022195160388947,
      0.022608811035752296,
      0.02157144621014595,
      0.023378338664770126,
      0.02113712951540947,
      0.02124744839966297
    ]
  },
  "0.3": {
    "rho": 0.3,
    "mean": 0.04518142074346542,
    "std": 0.0010007195929976661,
    "ci_95": [
      0.04364406792446971,
      0.04693390019237995
    ],